<?xml version="1.0" encoding="ISO-8859-1" standalone="no"?>
<annotation-spec>
  <head>
    <valuetype-def>
      <valueset name="Mouth-Openness-type">
        <value-el>OpenMouth<doc>
The mouth is open or opens as in the case of surprise (that is not just to talk). 
</doc>
        </value-el>
        <value-el>CloseMouth<doc>
The mouth is close (relevant in combination with other values, e.g. lips retracted). 
</doc>
        </value-el>
      </valueset>
      <valueset name="Gaze-Direction-type">
        <value-el>GazeForward<doc>
The subject is looking forward wrt. own body.
</doc>
        </value-el>
        <value-el>GazeBackward<doc>
The subject is looking backward wrt. own body (implies turning the head and 
	naybe part of the torso).
</doc>
        </value-el>
        <value-el>GazeUp<doc>
The subject is looking up wrt. own body.
</doc>
        </value-el>
        <value-el>GazeDown<doc>
The subject is lookng down wrt. own body (the head may be bent or not).
</doc>
        </value-el>
        <value-el>GazeSide<doc>
The subject is looking to the side of own body.
</doc>
        </value-el>
        <value-el>GazeDirectionOther<doc>
To be used if none of the other values are appropriate, 
	for instance for complex movements. A comment *must* be added.
</doc>
        </value-el>
      </valueset>
      <valueset name="Eyes-type">
        <value-el>X-open<doc>
Exaggerated Opening: the eyes are wide open as in the case of surprise.
</doc>
        </value-el>
        <value-el>CloseBoth<doc>
The eyes are both closed (blink), e.g. to underline focusing. 
</doc>
        </value-el>
        <value-el>CloseOne<doc>
One eye blinks, that is opens and closes quickly. 
</doc>
        </value-el>
        <value-el>CloseRepeat<doc>
Both eyes blink repeatedly.
</doc>
        </value-el>
        <value-el>EyesOther<doc>
To be used if none of the other values are appropriate. A comment *must* be added.
</doc>
        </value-el>
      </valueset>
      <valueset name="Trajectory-Left-Hand-type">
        <value-el>LeftHandForward</value-el>
        <value-el>LeftHandBackward</value-el>
        <value-el>LeftHandSide</value-el>
        <value-el>LeftHandUp</value-el>
        <value-el>LeftHandDown</value-el>
        <value-el>LeftHandComplex</value-el>
        <value-el>LeftHandOther</value-el>
      </valueset>
      <valueset name="Head-Movement-type">
        <value-el>Nod<doc>
A head movement down-up. 
</doc>
        </value-el>
        <value-el>Jerk<doc>
A quick head movement backwards up. 
</doc>
        </value-el>
        <value-el>HeadBackward<doc>
A movement of the head backward (up), this can either be a movement of
the head only or can be movement of the whole trunk.  This movement
occurs often as a turn accepting signal.
</doc>
        </value-el>
        <value-el>HeadForward<doc>
A movement of the head forward (down), this can either be a movement
of the head only or can be a movement of the whole trunk. This
movement occurs often as a turn elicit signal.
</doc>
        </value-el>
        <value-el>Tilt<doc>
A movement of the head leaning on one side.
</doc>
        </value-el>
        <value-el>SideTurn<doc>
A rotation of the head towards one side.
</doc>
        </value-el>
        <value-el>Shake<doc>
A rotation of the head first to one side and then to the other.
</doc>
        </value-el>
        <value-el>Waggle<doc>
A movement of the head back and forth, side to side, like a mixture of
shake and move backward or forward. Usually produced to show
uncertainty, doubtfulness.
</doc>
        </value-el>
        <value-el>HeadOther<doc>
To be used if none of the other values are appropriate. A comment
*must* be added.
</doc>
        </value-el>
      </valueset>
      <valueset name="Palm-orientation-type">
        <value-el>PalmUp<doc>
The palm is horizontal and facing upwards.
</doc>
        </value-el>
        <value-el>PalmDown<doc>
The palm is horizontal and facing down.
</doc>
        </value-el>
        <value-el>PalmSide<doc>
The palm is horizontal and facing sideways.
</doc>
        </value-el>
        <value-el>PalmVertical<doc>
The palm is vertical.
</doc>
        </value-el>
        <value-el>PalmOrientationOther<doc>
To be used if none of the other values are appropriate. A comment *must* be added.
</doc>
        </value-el>
      </valueset>
      <valueset name="Pleasure-type">
        <value-el color="light red">PleasurePlus<doc>High Pleasure level. Examples
1 of PleasurePlus: docile, relaxed, satisfied, comfortable, dependent, amazed, grateful, respectful, exuberant, admired, bold, excited.</doc>
        </value-el>
        <value-el color="light red">PleasureMinus<doc>High Displeasure level: Examples of PleasureMinus: bored, sad, fatigued, disdainful, indifferent, unconcerned, anxious, aghast, distressed, insecure, hostile, angry, nasty.</doc>
        </value-el>
      </valueset>
      <valueset name="Face-type">
        <value-el>Smile<doc>
The facial expression shows pleasure, favour, amusement, or
sometimes derision and scorn. Smile is characterized by an upturning of
the corners of the mouth and usually accompanied by a brightening of
the face and eyes.
</doc>
        </value-el>
        <value-el>Laughter<doc>
The facial expression shows merriment, amusement, or derision,
or nervousness and it is accompanied by an audible vocal expulsion of
air from the lungs that can range from a loud burst of sound to a
series of chuckles.
</doc>
        </value-el>
        <value-el>Scowl<doc>
An angry expression, like a frown. The term "frown" is reserved for
the attribute Eyebrows.
</doc>
        </value-el>
        <value-el>FaceOther<doc>
To be used if none of the other values are appropriate. A comment
*must* be added.
</doc>
        </value-el>
      </valueset>
      <valueset name="Mouth-Lips-type">
        <value-el>CornersUp<doc>
Corners up as in a smile. 
</doc>
        </value-el>
        <value-el>CornersDown<doc>
Corners down as in a scowl, sulk or sad expression.  
</doc>
        </value-el>
        <value-el>Protruded<doc>
The lips are rounded and protruded.
</doc>
        </value-el>
        <value-el>Retracted<doc>
The lips are sucked-in, retracted in the mouth.
</doc>
        </value-el>
        <value-el>LipsOther<doc>
To be used if none of the other values are appropriate. A comment *must* be added.
</doc>
        </value-el>
      </valueset>
      <valueset name="Palm-type">
        <value-el>PalmOpen<doc>
The palm is open.
</doc>
        </value-el>
        <value-el>PalmClosed<doc>
The palm is closed.
</doc>
        </value-el>
        <value-el>PalmOther<doc>
To be used if none of the other values are appropriate. A comment *must* be added.
</doc>
        </value-el>
      </valueset>
      <valueset name="Body-Direction-type">
        <value-el>BodyForward<doc>
The subject is leaning or moving their (upper)body forward, without bending.
</doc>
        </value-el>
        <value-el>BodyBackward<doc>
The subject is leaning or moving their (upper)body backward, without arching. 
</doc>
        </value-el>
        <value-el>BodyUp<doc>
The subject is arching or lifting the torso up. 
</doc>
        </value-el>
        <value-el>BodyDown<doc>
The subject is bending the torso down.
</doc>
        </value-el>
        <value-el>BodySide<doc>
The subject is leaning to the side.
</doc>
        </value-el>
        <value-el>BodyTurn<doc>
The subject is turning their (upper)body to the side.
</doc>
        </value-el>
        <value-el>BodyDirectionOther<doc>
To be used if none of the other values are appropriate, 
for instance for complex movements, e.g. swaying. A comment *must* be added.
</doc>
        </value-el>
      </valueset>
      <valueset name="droll">
        <value-el>yes</value-el>
        <value-el>no</value-el>
      </valueset>
      <valueset name="F-Basic-type">
        <value-el color="yellow">CPU<doc>
The subject gives or elicits signs that the message is being perceived
and understood (CPU means contact, perception, understanding). The
feature corresponds to 'Understand' in earlier versions of the MUMIN
scheme.
</doc>
        </value-el>
        <value-el color="yellow">SelfFeedback<doc>
The subject gives feedback to her own message.
</doc>
        </value-el>
        <value-el color="yellow">BasicOther<doc>
The subject gives or elicits signs that the message is being
perceived, but perhaps not understood. The coder may want to indicate
a more specific value choosng from C, P and U, in the comment.
</doc>
        </value-el>
      </valueset>
      <valueset name="InformationStructure-type">
        <value-el color="blue">Topicalised</value-el>
        <value-el color="pink">InfoStructureUnderspecified</value-el>
      </valueset>
      <valueset name="Fingers-type">
        <value-el>IndexExtended<doc>
The index is extended  while the rest of the fingers are not.
</doc>
        </value-el>
        <value-el>ThumbExtended<doc>
The thumb is extended while the rest of the fingers are not.
</doc>
        </value-el>
        <value-el>AllFingersExtended<doc>
All fingers are extended.
</doc>
        </value-el>
        <value-el>FingersOther<doc>
To be used if none of the other values are appropriate. A comment *must* be added.
</doc>
        </value-el>
      </valueset>
      <valueset name="F-Direction-type">
        <value-el color="light blue">FeedbackUnderspecified<doc>
This value should be chosen if the coder is not sure whether the
subject is giving or eliciting feeback.
</doc>
        </value-el>
        <value-el color="light blue">FeedbackGiveElicit<doc>
This value should be chosen if the coder thinks that the subject is
giving and eliciting feedback at the same time.
</doc>
        </value-el>
        <value-el color="light blue">FeedbackGive<doc>
The subject gives feedback by showing that they have perceived the
message and are willing to maintain contact and go on in the
communication.
</doc>
        </value-el>
        <value-el color="light blue">FeedbackElicit<doc>
The subject elicits signs that the interlocutor has perceived the
message and is willing to maintain contact and go on in the
communication.
</doc>
        </value-el>
      </valueset>
      <valueset name="Turn-type">
        <value-el color="blue">TurnTake<doc>
The speaker takes a turn that wasn't offered, possibly by interrupting.
</doc>
        </value-el>
        <value-el color="blue">TurnAccept<doc>
The speaker accepts a turn that is being offered. 
</doc>
        </value-el>
        <value-el color="red">TurnYield<doc>
The speaker releases the turn under pressure.
</doc>
        </value-el>
        <value-el color="red">TurnElicit<doc>
The speaker offers the turn to the interlocutor.
</doc>
        </value-el>
        <value-el color="red">TurnComplete<doc>
The speaker completes the turn as well as the conversation. The turn
is not passed on.
</doc>
        </value-el>
        <value-el color="magenta">TurnHold<doc>
The speaker wishes to keep the turn (usually done by 
rotating the head and the gaze away from the listener).
</doc>
        </value-el>
      </valueset>
      <valueset name="Head-Repetition-type">
        <value-el>Single<doc>
The movement is not repeated.
</doc>
        </value-el>
        <value-el>Repeated<doc>
The movement is repeated.
</doc>
        </value-el>
      </valueset>
      <valueset name="Body-Interlocutor-type">
        <value-el>BodyToInterlocutor<doc>
The body of the subject is facing the interlocutor. New in MUMIN 4.2.
</doc>
        </value-el>
        <value-el>BodyAwayFromInterlocutor<doc>
The body of the subject is not facing the interlocutor. New in MUMIN 4.2.
</doc>
        </value-el>
      </valueset>
      <valueset name="Shoulders-type">
        <value-el>Shrug<doc>
Shoulders move up and down together, often as a gesture of doubt, disdain, or indifference.
</doc>
        </value-el>
        <value-el>ShouldersOther<doc>
To be used if other values are inappropriate. A comment *must* be added.
</doc>
        </value-el>
      </valueset>
      <valueset name="Dominance-type">
        <value-el color="light red">DominancePlus<doc>High Dominance level. Examples of DominancePlus: disdainful, indifferent, unconcerned, hostile, angry, nasty, relaxed, satisfied, comfortable, exuberant, admired, bold, excited.</doc>
        </value-el>
        <value-el color="light red">DominanceMinus<doc> High submissiveness level. Examples of DominanceMinus: bored, sad, fatigued, anxious, aghast, distressed, insecure, docile, dependent, amazed, grateful, respectful.</doc>
        </value-el>
      </valueset>
      <valueset name="Face-Interlocutor-type">
        <value-el>FaceToInterlocutor<doc>
The subject is facing the interlocutor. New in MUMIN 4.1.
</doc>
        </value-el>
        <value-el>FaceAwayFromInterlocutor<doc>
The subject is not facing the interlocutor. New in MUMIN 4.1.
</doc>
        </value-el>
      </valueset>
      <valueset name="Sequencing-type">
        <value-el color="pink">SeqOpen<doc>
Opening sequence indicates that a new speech sequence is starting,
   e.g. a gesture occurring together with the phrase "by the way...".
</doc>
        </value-el>
        <value-el color="pink">SeqResume<doc>
Resume sequence indicates that a preceding speech sequence is resumed after an 
interruption or a false start.
</doc>
        </value-el>
        <value-el color="pink">SeqContinue<doc>
Continue sequence indicates that the current speech sequence is going
on, e.g. a gesture occurring together with enumerative phrases such as
"the first... the second... the third...".
</doc>
        </value-el>
        <value-el color="pink">SeqClose<doc>
Closing sequence indicates that the current speech sequence is closed,
e.g. a gesture occurring together with phrases such as "that's it,
that's all".
</doc>
        </value-el>
      </valueset>
      <valueset name="Semiotic-type">
        <value-el color="light orange">IndexDeictic<doc>
Indexical gestures express a relation of cause-effect between the sign
(the gesture) and its meaning.  In particular, Indexical Deictics
locate aspects of the discourse in the physical space (e.g. by
pointing). They can also be used to index the addressee.
</doc>
        </value-el>
        <value-el color="light orange">IndexNon-deictic<doc>
Indexical gestures express a relation of cause-effect between the sign
(the gesture) and its meaning.  In Indexical Non-deictic the indexical
relation is between the gesture and the effect it establishes. Batonic
or beat gestures fall into this category.
</doc>
        </value-el>
        <value-el color="light orange">Iconic<doc>
Iconic gestures express a semantic feature by similarity or
homomorphism.  Examples are gestures that express size (length,
height, etc.) of an object mentioned in the discourse. Included in
this category are also gestures that are sometimes called metaphoric.
</doc>
        </value-el>
        <value-el color="light orange">Symbolic<doc>
Symbolic gestures (emblems) are gestures in which the relation between form and 
content is based on social convention (e.g. the okay gesture). They are 
culture-specific. 
</doc>
        </value-el>
        <value-el color="light orange">SemioticOther<doc>
To be used if none of the semiotic values apply. A comment must be added.
</doc>
        </value-el>
      </valueset>
      <valueset name="Arousal-type">
        <value-el color="light red">ArousalPlus<doc>High Arousal Level. Examples of ArousalPlus: anxious, aghast, distressed, insecure, hostile, angry, nasty, dependent, amazed, grateful, respectful, exuberant, admired, bold, excited.</doc>
        </value-el>
        <value-el color="light red">ArousalMinus<doc>Low Arousal Level. Example of ArousalMinus: bored, sad, fatigued, disdainful, indifferent, unconcerned, docile, relaxed, satisfied, comfortable.</doc>
        </value-el>
      </valueset>
      <valueset name="F-Agreement-type">
        <value-el color="yellow">Agree<doc>
The subject gives or elicits signs of agreement. In earlier versions
the type was called Accept.
</doc>
        </value-el>
        <value-el color="yellow">NonAgree<doc>
The subject gives or elicits signs of lack of agreement. In earlier
versions the type was called NonAccept.
</doc>
        </value-el>
      </valueset>
      <valueset name="Eyebrows-type">
        <value-el>Frown<doc>
The eyebrows contract and move towards the nose.
</doc>
        </value-el>
        <value-el>Raise<doc>
The eyebrows are lifted.
</doc>
        </value-el>
        <value-el>BrowsOther<doc>
To be used if none of the other values are appropriate. A comment *must* be added.
</doc>
        </value-el>
      </valueset>
      <valueset name="Hand-Repetition-type">
        <value-el>Single</value-el>
        <value-el>Repeated</value-el>
      </valueset>
      <valueset name="Gaze-Interlocutor-type">
        <value-el>ToInterlocutor<doc>
The subject is looking at the interlocutor.
</doc>
        </value-el>
        <value-el>AwayFromInterlocutor<doc>
The subject is looking at the interlocutor.
</doc>
        </value-el>
      </valueset>
      <valueset name="Handedness-type">
        <value-el>BothHandsSymmetric<doc>
Both hands are involved, symmetric movement
</doc>
        </value-el>
        <value-el>BothHandsAsymmetric<doc>
Both hands are involved, asymmetric movement
</doc>
        </value-el>
        <value-el>RightSingleHand<doc>
Right hand is involved alone
</doc>
        </value-el>
        <value-el>LeftSingleHand<doc>
Left hand is involved alone
</doc>
        </value-el>
      </valueset>
      <valueset name="Amplitude-type">
        <value-el>Centre<doc>
The centre refers to a region roughly corresponding to the subject's
torso.  See MacNeill, D. (1992).
</doc>
        </value-el>
        <value-el>Periphery<doc>
The periphery refers to a region outside of the subject's torso, that
 above neck and shoulders, to the side of the torso or beneath the
 stomach. This means that the arm is somewhat extended. See MacNeill,
 D. (1992).
</doc>
        </value-el>
        <value-el>AmplitudeOther<doc>
AmplitudeOther: To be used if none of the other values are appropriate. A comment *must* be added.
</doc>
        </value-el>
      </valueset>
      <valueset name="Trajectory-Right-Hand-type">
        <value-el>RightHandForward</value-el>
        <value-el>RightHandBackward</value-el>
        <value-el>RightHandSide</value-el>
        <value-el>RightHandUp</value-el>
        <value-el>RightHandDown</value-el>
        <value-el>RightHandComplex</value-el>
        <value-el>RightHandOther</value-el>
      </valueset>
      <valueset name="Emotion/Attitude-type">
        <value-el color="light red">Amused<doc>PAD: +++</doc>
        </value-el>
        <value-el color="light red">Awkward<doc>PAD:-+-</doc>
        </value-el>
        <value-el color="light red">Certain<doc>PAD: +-+</doc>
        </value-el>
        <value-el color="light red">SelfConfident<doc>PAD: +++</doc>
        </value-el>
        <value-el color="light red">Disappointed<doc>PAD: ---</doc>
        </value-el>
        <value-el color="light red">Docile<doc>PAD: +--</doc>
        </value-el>
        <value-el color="light red">Embarrassed<doc>PAD: -+-</doc>
        </value-el>
        <value-el color="light red">Engaged<doc>PAD: ++-</doc>
        </value-el>
        <value-el color="light red">Excited<doc>PAD: +++</doc>
        </value-el>
        <value-el color="light red">Friendly<doc>PAD: +-+</doc>
        </value-el>
        <value-el color="light red">Joking<doc>PAD: +++</doc>
        </value-el>
        <value-el color="light red">Happy<doc>PAD: +++</doc>
        </value-el>
        <value-el color="light red">Hesitant<doc>PAD: ---</doc>
        </value-el>
        <value-el color="light red">Interested<doc>PAD: ++-</doc>
        </value-el>
        <value-el color="light red">Ironic<doc>PAD: +++</doc>
        </value-el>
        <value-el color="light red">Irritated<doc>PAD: -++</doc>
        </value-el>
        <value-el color="light red">Proud<doc>PAD: +++</doc>
        </value-el>
        <value-el color="light red">Puzzled<doc>PAD: -+-</doc>
        </value-el>
        <value-el color="light red">Satisfied<doc>PAD: +++</doc>
        </value-el>
        <value-el color="light red">Supportive<doc>PAD: +++</doc>
        </value-el>
        <value-el color="light red">Surprised<doc>PAD: ++-</doc>
        </value-el>
        <value-el color="light red">Thoughtful<doc>PAD: +--</doc>
        </value-el>
        <value-el color="light red">Uncertain<doc>PAD: -+-</doc>
        </value-el>
        <value-el color="light red">Unconfident<doc>PAD: ---</doc>
        </value-el>
        <value-el color="light red">Unconfortable<doc>PAD: ---</doc>
        </value-el>
        <value-el color="light red">Uninterested<doc>PAD: --+</doc>
        </value-el>
      </valueset>
    </valuetype-def>
  </head>
  <body>
    <font color="#000000" face="SansSerif" size="12" style="plain"/>
    <track-spec name="wave" type="waveform"/>
    <group name="SpeakerA">
      <track-spec name="words" type="primary">
        <doc>
    Speaker A: Speech track
    </doc>
        <attribute name="boundary" valuetype="Boolean"/>
        <attribute name="topic" valuetype="Boolean">
          <doc>used to distinguish topic from non-topic words</doc>
        </attribute>
        <attribute name="focus" valuetype="Boolean">
          <doc>used to distinguish focus from non-focus words</doc>
        </attribute>
        <attribute display="true" name="token" valuetype="String"/>
      </track-spec>
      <track-spec name="syllables" type="primary">
        <doc>
        Speaker A: Syllable structure
       </doc>
        <attribute display="true" name="token" valuetype="String"/>
      </track-spec>
      <track-spec name="tunes" type="primary">
        <doc>
        Speaker A: Tune structure
       </doc>
        <attribute display="true" name="token" valuetype="String"/>
      </track-spec>
      <track-spec name="translation" type="primary">
        <doc>
        Speaker A: Translation
       </doc>
        <attribute display="true" name="token" valuetype="String"/>
      </track-spec>
      <track-spec color-attr="f-give-attention" name="FacialExpressions" type="primary">
        <doc>
    Speaker A: Face track
    </doc>
        <attribute name="SemioticType" valuetype="Semiotic-type">
          <doc>
Based on Peirce's theory, three types are defined: indexical, iconic
and symbolic. In cases where a gesture has multiple semiotic values,
the strongest should be chosen.
</doc>
        </attribute>
        <attribute name="FeedbackBasic" valuetype="F-Basic-type">
          <doc>
Feedback basic is used to specify whether feedback is of type contact,
perception and understanding (the default) or other (that is one value
out of C/P/U/A).
</doc>
        </attribute>
        <attribute name="Emotion/Attitude" valuetype="Emotion/Attitude-type">
          <doc>
Emotions and attitudes can co-occur with any of the communicative
features. They include i.a. Ekman's six basic emotions: happiness,
surprise, anger, sadness, fear, disgust/contempt.
</doc>
        </attribute>
        <attribute display="true" name="FaceInterlocutor" valuetype="Face-Interlocutor-type">
          <doc> FaceInterlocutor attributes refer to position respect to interlocutor.
</doc>
        </attribute>
        <attribute name="Pleasure" valuetype="Pleasure-type">
          <doc>Pleasure-Displeasure scale indicates positive versus negative affective states.</doc>
        </attribute>
        <attribute name="Dominance" valuetype="Dominance-type">
          <doc>Dominance-submissiveness-scale is defined as a feeling of control and influence over one's surroundings and others versus feeling controlled or influenced by situations and others.</doc>
        </attribute>
        <attribute name="FeedbackAgreement" valuetype="F-Agreement-type">
          <doc>
Feedback can also be accompanied by signs of agreeing or not agreeing.
</doc>
        </attribute>
        <attribute name="InformationStructure" valuetype="InformationStructure-type">
          <doc>
The gesture has a function relating to information structure, i.e. the
organisation of the information within a sentence or utterance. It
could be underlining the topic, the focus or creating emphasis and contrast.
</doc>
        </attribute>
        <attribute name="Arousal" valuetype="Arousal-type">
          <doc>Arousal-nonarousal scale is defined in terms of level of mental alertness and physical activity.</doc>
        </attribute>
        <attribute name="MMRelationSelf" valuetype="MultiLink">
          <doc>
Underspecified multimodal relation, gesture and speech by same person.
</doc>
        </attribute>
        <attribute name="FeedbackDirection" valuetype="F-Direction-type">
          <doc>
The direction feedback feature is used to distinguish between feedback
giving, eliciting, giving-eliciting. It can be underspecified.
</doc>
        </attribute>
        <attribute name="Turn" valuetype="Turn-type">
          <doc>
Turn features refer to the way in which one of the dialogue
participants gains, ends or holds the turn, and reflect whether this
is done in agreement or not. In a more coarse-grained scheme, one
could do with the three values TurnGain, TurnEnd and TurnHold (see MUMIN 3.3).
</doc>
        </attribute>
        <attribute display="true" name="Face" valuetype="Face-type">
          <doc> Face attributes refer to general face expressions. 
</doc>
        </attribute>
        <attribute name="MMRelationOther" valuetype="MultiLink">
          <doc>
Underspecified multimodal relation, gesture and speech by different persons.
</doc>
        </attribute>
        <attribute display="true" name="Eyebrows" valuetype="Eyebrows-type">
          <doc> Eyebrows attributes refer to eyebrows movements. 
</doc>
        </attribute>
        <attribute name="Sequencing" valuetype="Sequencing-type">
          <doc>
Sequencing is concerned with speech act organisation and structuring into 
sub-dialogues. It should not be confused with turn-management, that models 
turn shifts among dialogue participants.
</doc>
        </attribute>
      </track-spec>
      <track-spec color-attr="f-give-attention" name="HeadMovements" type="primary">
        <doc>
    Speaker A: Head track
    </doc>
        <attribute name="SemioticType" valuetype="Semiotic-type">
          <doc>
Based on Peirce's theory, three types are defined: indexical, iconic
and symbolic. In cases where a gesture has multiple semiotic values,
the strongest should be chosen.
</doc>
        </attribute>
        <attribute name="FeedbackBasic" valuetype="F-Basic-type">
          <doc>
Feedback basic is used to specify whether feedback is of type contact,
perception and understanding (the default) or other (that is one value
out of C/P/U/A).
</doc>
        </attribute>
        <attribute display="true" name="HeadMovement" valuetype="Head-Movement-type">
          <doc>
Head movements are defined similarly to gaze wrt. the subject's own
body. Gaze and head movement are related. For instance, if head is up,
gaze is also up if the subject does not move the pupils.  The values
are slightly different from MUMIN 3.3 in that repetition is now a
separate feature.
</doc>
        </attribute>
        <attribute name="Emotion/Attitude" valuetype="Emotion/Attitude-type">
          <doc>
Emotions and attitudes can co-occur with any of the communicative
features. They include i.a. Ekman's six basic emotions: happiness,
surprise, anger, sadness, fear, disgust/contempt.
</doc>
        </attribute>
        <attribute name="InformationStructure" valuetype="InformationStructure-type">
          <doc>
The gesture has a function relating to information structure, i.e. the
organisation of the information within a sentence or utterance. It
could be underlining the topic, the focus or creating emphasis and contrast.
</doc>
        </attribute>
        <attribute display="true" name="HeadRepetition" valuetype="Head-Repetition-type">
          <doc>
It indicates whether the movement is repeated or not. A repeated
gesture is a sequence of similar gestures in rapid succession. See
also HandRepetition.  New feature wrt. MUMIN 3.3.
</doc>
        </attribute>
        <attribute name="MMRelationSelf" valuetype="MultiLink">
          <doc>
Underspecified multimodal relation, gesture and speech by same person.
</doc>
        </attribute>
        <attribute name="FeedbackDirection" valuetype="F-Direction-type">
          <doc>
The direction feedback feature is used to distinguish between feedback
giving, eliciting, giving-eliciting. It can be underspecified.
</doc>
        </attribute>
        <attribute name="Turn" valuetype="Turn-type">
          <doc>
Turn features refer to the way in which one of the dialogue
participants gains, ends or holds the turn, and reflect whether this
is done in agreement or not. In a more coarse-grained scheme, one
could do with the three values TurnGain, TurnEnd and TurnHold (see MUMIN 3.3).
</doc>
        </attribute>
        <attribute name="FeedbackAgreement" valuetype="F-Agreement-type">
          <doc>
Feedback can also be accompanied by signs of agreeing or not agreeing.
</doc>
        </attribute>
        <attribute name="MMRelationOther" valuetype="MultiLink">
          <doc>
Underspecified multimodal relation, gesture and speech by different persons.
</doc>
        </attribute>
        <attribute name="Sequencing" valuetype="Sequencing-type">
          <doc>
Sequencing is concerned with speech act organisation and structuring into 
sub-dialogues. It should not be confused with turn-management, that models 
turn shifts among dialogue participants.
</doc>
        </attribute>
      </track-spec>
      <track-spec color-attr="f-give-attention" name="HandGesture" type="primary">
        <doc>
Speaker A: Hand gesture track
</doc>
        <attribute display="true" name="Amplitude" valuetype="Amplitude-type">
          <doc>
It accounts for how broad the gesture is. New wrt. MUMIN 3.3.
</doc>
        </attribute>
        <attribute display="true" name="HandRepetition" valuetype="Hand-Repetition-type">
          <doc>
It indicates whether the movement is repeated or not. A repeated
gesture is a sequence of similar gestures in rapid succession. See
also HeadRepetition.  New feature wrt. MUMIN 3.3.
</doc>
        </attribute>
        <attribute name="SemioticType" valuetype="Semiotic-type">
          <doc>
Based on Peirce's theory, three types are defined: indexical, iconic
and symbolic. In cases where a gesture has multiple semiotic values,
the strongest should be chosen.
</doc>
        </attribute>
        <attribute display="true" name="Handedness" valuetype="Handedness-type">
          <doc>
It refers to whether one or two hands are involved.
</doc>
        </attribute>
        <attribute display="true" name="Fingers" valuetype="Fingers-type">
          <doc>
It accounts for finger extension. New wrt. MUMIN 3.3.
</doc>
        </attribute>
        <attribute name="InformationStructure" valuetype="InformationStructure-type">
          <doc>
The gesture has a function relating to information structure, i.e. the
organisation of the information within a sentence or utterance. It
could be underlining the topic, the focus or creating emphasis and
contrast.
</doc>
        </attribute>
        <attribute display="true" name="Palm" valuetype="Palm-type">
          <doc>
It refers to whether the palm is open or closed. New wrt. MUMIN 3.3.
</doc>
        </attribute>
        <attribute name="MMRelationSelf" valuetype="MultiLink">
          <doc>
Underspecified multimodal relation, gesture and speech by same person.
</doc>
        </attribute>
        <attribute name="MMRelationOther" valuetype="MultiLink">
          <doc>
Underspecified multimodal relation, gesture and speech by different persons.
</doc>
        </attribute>
        <attribute display="true" name="PalmOrientation" valuetype="Palm-orientation-type">
          <doc>
It refers to the position of the palm in space. New wrt. MUMIN 3.3.
</doc>
        </attribute>
      </track-spec>
      <track-spec color-attr="f-give-attention" name="HandGestureTopic" type="primary">
        <doc>
Speaker A: Hand gesture track only used for the topic
</doc>
        <attribute display="true" name="Amplitude" valuetype="Amplitude-type">
          <doc>
It accounts for how broad the gesture is. New wrt. MUMIN 3.3.
</doc>
        </attribute>
        <attribute display="true" name="HandRepetition" valuetype="Hand-Repetition-type">
          <doc>
It indicates whether the movement is repeated or not. A repeated
gesture is a sequence of similar gestures in rapid succession. See
also HeadRepetition.  New feature wrt. MUMIN 3.3.
</doc>
        </attribute>
        <attribute name="SemioticType" valuetype="Semiotic-type">
          <doc>
Based on Peirce's theory, three types are defined: indexical, iconic
and symbolic. In cases where a gesture has multiple semiotic values,
the strongest should be chosen.
</doc>
        </attribute>
        <attribute display="true" name="Handedness" valuetype="Handedness-type">
          <doc>
It refers to whether one or two hands are involved.
</doc>
        </attribute>
        <attribute display="true" name="Fingers" valuetype="Fingers-type">
          <doc>
It accounts for finger extension. New wrt. MUMIN 3.3.
</doc>
        </attribute>
        <attribute name="InformationStructure" valuetype="InformationStructure-type">
          <doc>
The gesture has a function relating to information structure, i.e. the
organisation of the information within a sentence or utterance. It
could be underlining the topic, the focus or creating emphasis and
contrast.
</doc>
        </attribute>
        <attribute display="true" name="Palm" valuetype="Palm-type">
          <doc>
It refers to whether the palm is open or closed. New wrt. MUMIN 3.3.
</doc>
        </attribute>
        <attribute name="MMRelationSelf" valuetype="MultiLink">
          <doc>
Underspecified multimodal relation, gesture and speech by same person.
</doc>
        </attribute>
        <attribute name="MMRelationOther" valuetype="MultiLink">
          <doc>
Underspecified multimodal relation, gesture and speech by different persons.
</doc>
        </attribute>
        <attribute display="true" name="PalmOrientation" valuetype="Palm-orientation-type">
          <doc>
It refers to the position of the palm in space. New wrt. MUMIN 3.3.
</doc>
        </attribute>
      </track-spec>
      <track-spec color-attr="f-give-attention" name="BodyPosture" type="primary">
        <doc>
Speaker A: Body posture track
</doc>
        <attribute name="SemioticType" valuetype="Semiotic-type">
          <doc>
Based on Peirce's theory, three types are defined: indexical, iconic
and symbolic. In cases where a gesture has multiple semiotic values,
the strongest should be chosen.
</doc>
        </attribute>
        <attribute name="FeedbackBasic" valuetype="F-Basic-type">
          <doc>
Feedback basic is used to specify whether feedback is of type contact,
perception and understanding (the default) or other (that is one value
out of C/P/U/A).
</doc>
        </attribute>
        <attribute name="Emotion/Attitude" valuetype="Emotion/Attitude-type">
          <doc>
Emotions and attitudes can co-occur with any of the communicative
features. They include i.a. Ekman's six basic emotions: happiness,
surprise, anger, sadness, fear, disgust/contempt.
</doc>
        </attribute>
        <attribute name="FeedbackAgreement" valuetype="F-Agreement-type">
          <doc>
Basic and direction feedback can also be accompanied by signs of agreeing or not agreeing.
</doc>
        </attribute>
        <attribute display="true" name="BodyDirection" valuetype="Body-Direction-type">
          <doc>
Body Posture is defined with respect to the subject's own body axis.
</doc>
        </attribute>
        <attribute display="true" name="BodyInterlocutor" valuetype="Body-Interlocutor-type">
          <doc>
Body Interlocutor is defined with respect to the interlocutor. The
subject's body may be facing the interlocutor while the head is turned
away.
</doc>
        </attribute>
        <attribute display="true" name="Shoulders" valuetype="Shoulders-type">
          <doc>
Shoulders captures shoulder shrugs, and possible other shoulder movements. 
</doc>
        </attribute>
        <attribute name="InformationStructure" valuetype="InformationStructure-type">
          <doc>
The gesture has a function relating to information structure, i.e. the
organisation of the information within a sentence or utterance. It
could be underlining the topic, the focus or creating emphasis and
contrast.
</doc>
        </attribute>
        <attribute name="MMRelationSelf" valuetype="MultiLink">
          <doc>
Underspecified multimodal relation, gesture and speech by same person.
</doc>
        </attribute>
        <attribute name="FeedbackDirection" valuetype="F-Direction-type">
          <doc>
The direction feedback feature is used to distinguish between feedback giving-eliciting,
giving and eliciting. It can also be underspecified.
</doc>
        </attribute>
        <attribute name="Turn" valuetype="Turn-type">
          <doc>
Turn features refer to the way in which one of the dialogue
participants gains, ends or holds the turn, and reflect whether this
is done in agreement or not. In a more coarse-grained scheme, one
could do with the three values TurnGain, TurnEnd and TurnHold (see MUMIN 3.3).
</doc>
        </attribute>
        <attribute name="MMRelationOther" valuetype="MultiLink">
          <doc>
Underspecified multimodal relation, gesture and speech by different persons.
</doc>
        </attribute>
        <attribute name="Sequencing" valuetype="Sequencing-type">
          <doc>
Sequencing is concerned with speech act organisation and structuring into 
sub-dialogues. It should not be confused with turn-management, that models 
turn shifts among dialogue participants.
</doc>
        </attribute>
      </track-spec>
      <track-spec name="interaction" type="primarypoint">
        <attribute name="droll" valuetype="Mouth-Openness-type"/>
      </track-spec>
    </group>
    <group name="SpeakerB">
      <track-spec name="words" type="primary">
        <doc>
   Speaker B: Speech track
   </doc>
        <attribute name="boundary" valuetype="Boolean"/>
        <attribute name="topic" valuetype="Boolean">
          <doc>used to distinguish topic from non-topic words</doc>
        </attribute>
        <attribute name="focus" valuetype="Boolean">
          <doc>used to distinguish focus from non-focus words</doc>
        </attribute>
        <attribute display="true" name="token" valuetype="String"/>
      </track-spec>
      <track-spec name="syllables" type="primary">
        <doc>
        Speaker B: Syllable structure
       </doc>
        <attribute display="true" name="token" valuetype="String"/>
      </track-spec>
      <track-spec name="tunes" type="primary">
        <doc>
        Speaker B: Tune structure
       </doc>
        <attribute display="true" name="token" valuetype="String"/>
      </track-spec>
      <track-spec name="translation" type="primary">
        <doc>
        Speaker B: Translation
       </doc>
        <attribute display="true" name="token" valuetype="String"/>
      </track-spec>
      <track-spec color-attr="f-give-attention" name="FacialExpressions" type="primary">
        <doc>
Speaker B: Face track. All attributes are the same as for Speaker A.
</doc>
        <attribute name="SemioticType" valuetype="Semiotic-type">
          <doc>
Based on Peirce's theory, three types are defined: indexical, iconic
and symbolic. In cases where a gesture has multiple semiotic values,
the strongest should be chosen.
</doc>
        </attribute>
        <attribute name="FeedbackBasic" valuetype="F-Basic-type">
          <doc>
Feedback basic is used to specify whether feedback is of type contact,
perception and understanding (the default) or other (that is one value
out of C/P/U/A).
</doc>
        </attribute>
        <attribute name="Emotion/Attitude" valuetype="Emotion/Attitude-type">
          <doc>
Emotions and attitudes can co-occur with any of the communicative
features. They include i.a. Ekman's six basic emotions: happiness,
surprise, anger, sadness, fear, disgust/contempt.
</doc>
        </attribute>
        <attribute display="true" name="FaceInterlocutor" valuetype="Face-Interlocutor-type">
          <doc> FaceInterlocutor attributes refer to position respect to interlocutor.
   </doc>
        </attribute>
        <attribute name="Pleasure" valuetype="Pleasure-type">
          <doc>Pleasure-Displeasure scale indicates positive versus negative affective states.</doc>
        </attribute>
        <attribute name="Dominance" valuetype="Dominance-type">
          <doc>Dominance-submissiveness-scale is defined as a feeling of control and influence over one's surroundings and others versus feeling controlled or influenced by situations and others.</doc>
        </attribute>
        <attribute name="FeedbackAgreement" valuetype="F-Agreement-type">
          <doc>
Basic and direction feedback can also be accompanied by signs of agreeing or not agreeing.
</doc>
        </attribute>
        <attribute name="InformationStructure" valuetype="InformationStructure-type">
          <doc>
The gesture has a function relating to information structure, i.e. the
organisation of the information within a sentence or utterance. It
could be underlining the topic, the focus or creating emphasis and contrast.
</doc>
        </attribute>
        <attribute name="Arousal" valuetype="Arousal-type">
          <doc>Arousal-nonarousal scale is defined in terms of level of mental alertness and physical activity.</doc>
        </attribute>
        <attribute name="MMRelationSelf" valuetype="MultiLink">
          <doc>
Underspecified multimodal relation, gesture and speech by same person.
</doc>
        </attribute>
        <attribute name="FeedbackDirection" valuetype="F-Direction-type">
          <doc>
The direction feedback feature is used to distinguish between feedback giving-eliciting,
giving and eliciting. It can also be underspecified.
</doc>
        </attribute>
        <attribute name="Turn" valuetype="Turn-type">
          <doc>
Turn features refer to the way in which one of the dialogue
participants gains, ends or holds the turn, and reflect whether this
is done in agreement or not. In a more coarse-grained scheme, one
could do with the three values TurnGain, TurnEnd and TurnHold (see MUMIN 3.3).
</doc>
        </attribute>
        <attribute display="true" name="Face" valuetype="Face-type">
          <doc> Face attributes refer to general face expressions. 
</doc>
        </attribute>
        <attribute name="MMRelationOther" valuetype="MultiLink">
          <doc>
Underspecified multimodal relation, gesture and speech by different persons.
</doc>
        </attribute>
        <attribute display="true" name="Eyebrows" valuetype="Eyebrows-type">
          <doc> Eyebrows attributes refer to eyebrows movements. 
</doc>
        </attribute>
        <attribute name="Sequencing" valuetype="Sequencing-type">
          <doc>
Sequencing is concerned with speech act organisation and structuring into 
sub-dialogues. It should not be confused with turn-management, that models 
turn shifts among dialogue participants.
</doc>
        </attribute>
      </track-spec>
      <track-spec color-attr="f-give-attention" name="HeadMovements" type="primary">
        <doc>
    Speaker A: Head track
    </doc>
        <attribute name="SemioticType" valuetype="Semiotic-type">
          <doc>
Based on Peirce's theory, three types are defined: indexical, iconic
and symbolic. In cases where a gesture has multiple semiotic values,
the strongest should be chosen.
</doc>
        </attribute>
        <attribute name="FeedbackBasic" valuetype="F-Basic-type">
          <doc>
Feedback basic is used to specify whether feedback is of type contact,
perception and understanding (the default) or other (that is one value
out of C/P/U/A).
</doc>
        </attribute>
        <attribute display="true" name="HeadMovement" valuetype="Head-Movement-type">
          <doc>
Head movements are defined similarly to gaze wrt. the subject's own
body. Gaze and head movement are related. For instance, if head is up,
gaze is also up if the subject does not move the pupils.  The values
are slightly different from MUMIN 3.3 in that repetition is now a
separate feature.
</doc>
        </attribute>
        <attribute name="Emotion/Attitude" valuetype="Emotion/Attitude-type">
          <doc>
Emotions and attitudes can co-occur with any of the communicative
features. They include i.a. Ekman's six basic emotions: happiness,
surprise, anger, sadness, fear, disgust/contempt.
</doc>
        </attribute>
        <attribute name="InformationStructure" valuetype="InformationStructure-type">
          <doc>
The gesture has a function relating to information structure, i.e. the
organisation of the information within a sentence or utterance. It
could be underlining the topic, the focus or creating emphasis and contrast.
</doc>
        </attribute>
        <attribute display="true" name="HeadRepetition" valuetype="Head-Repetition-type">
          <doc>
It indicates whether the movement is repeated or not. A repeated
gesture is a sequence of similar gestures in rapid succession. See
also HandRepetition.  New feature wrt. MUMIN 3.3.
</doc>
        </attribute>
        <attribute name="MMRelationSelf" valuetype="MultiLink">
          <doc>
Underspecified multimodal relation, gesture and speech by same person.
</doc>
        </attribute>
        <attribute name="FeedbackDirection" valuetype="F-Direction-type">
          <doc>
The direction feedback feature is used to distinguish between feedback
giving, eliciting, giving-eliciting. It can be underspecified.
</doc>
        </attribute>
        <attribute name="Turn" valuetype="Turn-type">
          <doc>
Turn features refer to the way in which one of the dialogue
participants gains, ends or holds the turn, and reflect whether this
is done in agreement or not. In a more coarse-grained scheme, one
could do with the three values TurnGain, TurnEnd and TurnHold (see MUMIN 3.3).
</doc>
        </attribute>
        <attribute name="FeedbackAgreement" valuetype="F-Agreement-type">
          <doc>
Feedback can also be accompanied by signs of agreeing or not agreeing.
</doc>
        </attribute>
        <attribute name="MMRelationOther" valuetype="MultiLink">
          <doc>
Underspecified multimodal relation, gesture and speech by different persons.
</doc>
        </attribute>
        <attribute name="Sequencing" valuetype="Sequencing-type">
          <doc>
Sequencing is concerned with speech act organisation and structuring into 
sub-dialogues. It should not be confused with turn-management, that models 
turn shifts among dialogue participants.
</doc>
        </attribute>
      </track-spec>
      <track-spec name="HandGesture" type="primary">
        <doc>
   Speaker B: Hand gesture track. All attributes are the same as for Speaker A.
   </doc>
        <attribute display="true" name="Amplitude" valuetype="Amplitude-type">
          <doc>
It accounts for how broad the gesture is. New wrt. MUMIN 3.3.
</doc>
        </attribute>
        <attribute display="true" name="HandRepetition" valuetype="Hand-Repetition-type">
          <doc>
It indicates whether the movement is repeated or not. A repeated
gesture is a sequence of similar gestures in rapid succession. See
also HeadRepetition.  New feature wrt. MUMIN 3.3.
</doc>
        </attribute>
        <attribute name="SemioticType" valuetype="Semiotic-type">
          <doc>
Based on Peirce's theory, three types are defined: indexical, iconic
and symbolic.  In cases where a gesture has multiple semiotic values,
the strongest should be chosen.
</doc>
        </attribute>
        <attribute display="true" name="Handedness" valuetype="Handedness-type">
          <doc>
It refers to whether one or two hands are involved.
</doc>
        </attribute>
        <attribute display="true" name="Fingers" valuetype="Fingers-type">
          <doc>
It accounts for finger extension. New wrt. MUMIN 3.3.
</doc>
        </attribute>
        <attribute name="InformationStructure" valuetype="InformationStructure-type">
          <doc>
The gesture has a function relating to information structure, i.e. the
organisation of the information within a sentence or utterance. It
could be underlining the topic, the focus or creating emphasis and contrast.
</doc>
        </attribute>
        <attribute display="true" name="Palm" valuetype="Palm-type">
          <doc>
It refers to whether the palm is open or closed. New wrt. MUMIN 3.3.
</doc>
        </attribute>
        <attribute name="MMRelationSelf" valuetype="MultiLink">
          <doc>
Underspecified multimodal relation, gesture and speech by same person.
</doc>
        </attribute>
        <attribute name="MMRelationOther" valuetype="MultiLink">
          <doc>
Underspecified multimodal relation, gesture and speech by different persons.
</doc>
        </attribute>
        <attribute display="true" name="PalmOrientation" valuetype="Palm-orientation-type">
          <doc>
It refers to the position of the palm in space. New wrt. MUMIN 3.3.
</doc>
        </attribute>
      </track-spec>
      <track-spec name="HandGestureTopic" type="primary">
        <doc>
   Speaker B: Hand gesture track. All attributes are the same as for Speaker A.
   </doc>
        <attribute display="true" name="Amplitude" valuetype="Amplitude-type">
          <doc>
It accounts for how broad the gesture is. New wrt. MUMIN 3.3.
</doc>
        </attribute>
        <attribute display="true" name="HandRepetition" valuetype="Hand-Repetition-type">
          <doc>
It indicates whether the movement is repeated or not. A repeated
gesture is a sequence of similar gestures in rapid succession. See
also HeadRepetition.  New feature wrt. MUMIN 3.3.
</doc>
        </attribute>
        <attribute name="SemioticType" valuetype="Semiotic-type">
          <doc>
Based on Peirce's theory, three types are defined: indexical, iconic
and symbolic.  In cases where a gesture has multiple semiotic values,
the strongest should be chosen.
</doc>
        </attribute>
        <attribute display="true" name="Handedness" valuetype="Handedness-type">
          <doc>
It refers to whether one or two hands are involved.
</doc>
        </attribute>
        <attribute display="true" name="Fingers" valuetype="Fingers-type">
          <doc>
It accounts for finger extension. New wrt. MUMIN 3.3.
</doc>
        </attribute>
        <attribute name="InformationStructure" valuetype="InformationStructure-type">
          <doc>
The gesture has a function relating to information structure, i.e. the
organisation of the information within a sentence or utterance. It
could be underlining the topic, the focus or creating emphasis and contrast.
</doc>
        </attribute>
        <attribute display="true" name="Palm" valuetype="Palm-type">
          <doc>
It refers to whether the palm is open or closed. New wrt. MUMIN 3.3.
</doc>
        </attribute>
        <attribute name="MMRelationSelf" valuetype="MultiLink">
          <doc>
Underspecified multimodal relation, gesture and speech by same person.
</doc>
        </attribute>
        <attribute name="MMRelationOther" valuetype="MultiLink">
          <doc>
Underspecified multimodal relation, gesture and speech by different persons.
</doc>
        </attribute>
        <attribute display="true" name="PalmOrientation" valuetype="Palm-orientation-type">
          <doc>
It refers to the position of the palm in space. New wrt. MUMIN 3.3.
</doc>
        </attribute>
      </track-spec>
      <track-spec color-attr="f-give-attention" name="BodyPosture" type="primary">
        <doc>
Speaker B: Body posture track. All attributes are the same as for Speaker A.
</doc>
        <attribute name="SemioticType" valuetype="Semiotic-type">
          <doc>
Based on Peirce's theory, three types are defined: indexical, iconic
and symbolic.  In cases where a gesture has multiple semiotic values,
the strongest should be chosen.
</doc>
        </attribute>
        <attribute name="FeedbackBasic" valuetype="F-Basic-type">
          <doc>
Feedback basic is used to specify whether feedback is of type contact,
perception and understanding (the default) or other (that is one value
out of C/P/U/A).
</doc>
        </attribute>
        <attribute name="Emotion/Attitude" valuetype="Emotion/Attitude-type">
          <doc>
Emotions and attitudes can co-occur with any of the communicative
features. They include i.a. Ekman's six basic emotions: happiness,
surprise, anger, sadness, fear, disgust/contempt.
</doc>
        </attribute>
        <attribute name="FeedbackAgreement" valuetype="F-Agreement-type">
          <doc>
Direction and basic feedback can also be accompanied by signs of agreeing or not agreeing.
</doc>
        </attribute>
        <attribute display="true" name="BodyDirection" valuetype="Body-Direction-type">
          <doc>
Body Posture is defined with respect to the subject's own body axis.
</doc>
        </attribute>
        <attribute display="true" name="BodyInterlocutor" valuetype="Body-Interlocutor-type">
          <doc>
Body Interlocutor is defined with respect to the interlocutor. The
subject's body may be facing the interlocutor while the head is turned
away.
</doc>
        </attribute>
        <attribute display="true" name="Shoulders" valuetype="Shoulders-type">
          <doc>
Shoulders captures shoulder shrugs, and possible other shoulder movements. 
</doc>
        </attribute>
        <attribute name="InformationStructure" valuetype="InformationStructure-type">
          <doc>
The gesture has a function relating to information structure, i.e. the
organisation of the information within a sentence or utterance. It
could be underlining the topic, the focus or creating emphasis and contrast.
</doc>
        </attribute>
        <attribute name="MMRelationSelf" valuetype="MultiLink">
          <doc>
Underspecified multimodal relation, gesture and speech by same person.
</doc>
        </attribute>
        <attribute name="FeedbackDirection" valuetype="F-Direction-type">
          <doc>
The direction feedback feature is used to distinguish between feedback
giving, eliciting, giving-eliciting. It can also be
underspecified.
</doc>
        </attribute>
        <attribute name="Turn" valuetype="Turn-type">
          <doc>
Turn features refer to the way in which one of the dialogue
participants gains, ends or holds the turn, and reflect whether this
is done in agreement or not. In a more coarse-grained scheme, one
could do with the three values TurnGain, TurnEnd and TurnHold (see MUMIN 3.3).
</doc>
        </attribute>
        <attribute name="MMRelationOther" valuetype="MultiLink">
          <doc>
Underspecified multimodal relation, gesture and speech by different persons.
</doc>
        </attribute>
        <attribute name="Sequencing" valuetype="Sequencing-type">
          <doc>
Sequencing is concerned with speech act organisation and structuring into 
sub-dialogues. It should not be confused with turn-management, that models 
turn shifts among dialogue participants.
</doc>
        </attribute>
      </track-spec>
      <track-spec name="interaction" type="primarypoint"/>
    </group>
  </body>
</annotation-spec>
